John Doe,5
Jane Smith,8
Alice Johnson,3
Bob Anderson,12
Emily Davis,6
Michael Brown,10
Sophia Miller,4
William Wilson,7
Olivia Martinez,9
James Taylor,11
Lucy Harris,5
Andrew Clark,8
Grace Lee,3
Daniel Rodriguez,15
Chloe White,7
Ethan Scott,4
Mia Green,6
Alexander Hall,10
Ella Adams,13
Liam King,8
Amelia Wright,9
Logan Parker,7
Harper Evans,11
Noah Gonzalez,12
Avery Lopez,6
Sofia Hill,9
Elijah Flores,5
Evelyn Perry,10
Carter Long,8
Scarlett Campbell,6
Luke Mitchell,4
Aria Young,7
Dylan Diaz,9
Layla Collins,12
Grayson Bailey,6
Stella Rivera,11
Lincoln Cooper,8
Penelope Ward,7
Kayden Torres,10
Isabella Ramirez,9
Nathan Gray,6
Zoe James,11
Levi Morgan,7
Hannah Bennett,8
David Coleman,5
Samantha Barnes,12
Owen Howard,6
Victoria Grayson,10
Christian Foster,9
Savannah Watson,8